<?xml version="1.0" encoding="UTF-8"?>
<beans xmlns="http://www.springframework.org/schema/beans"
		xmlns:tx="http://www.springframework.org/schema/tx"
		xmlns:xsi="http://www.w3.org/2001/XMLSchema-instance"
		xsi:schemaLocation="http://www.springframework.org/schema/beans
							http://www.springframework.org/schema/beans/spring-beans-4.0.xsd 
							http://www.springframework.org/schema/tx
							http://www.springframework.org/schema/tx/spring-tx-3.0.xsd ">
	<bean id="emf"
		class="org.springframework.orm.jpa.LocalEntityManagerFactoryBean">
		<property name="persistenceUnitName" value="springHibernate" />
	</bean>
	<bean
		class="org.springframework.orm.jpa.support.PersistenceAnnotationBeanPostProcessor" />
	<tx:annotation-driven transaction-manager="transactionManager" />
	<bean id="transactionManager" class="org.springframework.orm.jpa.JpaTransactionManager">
		<property name="entityManagerFactory" ref="emf" />
	</bean>
	<bean class="tel_ran.bank_resume.model.JobSeekerModel" />
</beans>
